-- phpMyAdmin SQL Dump
-- version 5.0.2
-- https://www.phpmyadmin.net/
--
-- Servidor: 127.0.0.1
-- Tiempo de generación: 14-06-2020 a las 11:19:04
-- Versión del servidor: 10.4.11-MariaDB
-- Versión de PHP: 7.2.30

SET SQL_MODE = "NO_AUTO_VALUE_ON_ZERO";
START TRANSACTION;
SET time_zone = "+00:00";


/*!40101 SET @OLD_CHARACTER_SET_CLIENT=@@CHARACTER_SET_CLIENT */;
/*!40101 SET @OLD_CHARACTER_SET_RESULTS=@@CHARACTER_SET_RESULTS */;
/*!40101 SET @OLD_COLLATION_CONNECTION=@@COLLATION_CONNECTION */;
/*!40101 SET NAMES utf8mb4 */;

--
-- Base de datos: `proyecto`
--

-- --------------------------------------------------------

--
-- Estructura de tabla para la tabla `asignatura`
--

CREATE TABLE `asignatura` (
  `Id` int(11) NOT NULL,
  `Nombre_de_la_asignatura` varchar(255) DEFAULT NULL,
  `Numero de horas` int(11) DEFAULT NULL,
  `Dual` tinyint(1) DEFAULT NULL,
  `Optativa` tinyint(1) DEFAULT 0,
  `Cod_curso` int(11) DEFAULT 0
) ENGINE=MyISAM DEFAULT CHARSET=utf8;

--
-- Volcado de datos para la tabla `asignatura`
--

INSERT INTO `asignatura` (`Id`, `Nombre_de_la_asignatura`, `Numero de horas`, `Dual`, `Optativa`, `Cod_curso`) VALUES
(1, 'PIAC-Contabilidad', 4, 0, 0, 1),
(2, 'PIAC-Financiera', 2, 0, 0, 1),
(3, 'Aplicaciones Ofimáticas', 6, 0, 0, 1),
(4, 'Inglés', 4, 0, 0, 1),
(5, 'Comunicación y atención al cliente', 5, 0, 0, 1),
(6, 'Recursos Humanos', 3, 0, 0, 1),
(7, 'Formación y Orientacion Laboral', 3, 0, 0, 1),
(8, 'Gestión Jurídica y Documental', 3, 0, 0, 1),
(9, 'Fundamentos Hardware', 3, 0, 0, 2),
(10, 'Gestión Base de Datos', 6, 0, 0, 2),
(11, 'Implantación de Sistemas Operativos', 8, 0, 0, 2),
(12, 'Lenguaje de Marcas', 4, 0, 0, 2),
(13, 'Planificación y Administracion de Redes', 6, 0, 0, 2),
(14, 'Formación y Horientacion Laboral', 3, 0, 0, 2),
(15, 'Física y Química', 4, 0, 0, 3),
(16, 'Francés', 2, 0, 1, 3),
(17, 'Alemán', 2, 0, 1, 3),
(18, 'Biología', 4, 0, 0, 3),
(19, 'Inglés', 3, 0, 0, 3),
(20, 'Anatomía', 2, 0, 1, 3),
(21, 'Robótica', 2, 0, 1, 3),
(22, 'Matemáticas', 4, 0, 0, 3),
(23, 'Educación Física', 2, 0, 1, 3),
(24, 'Filosofía', 3, 0, 0, 3),
(25, 'Lengua Castellana y Literatura', 3, 0, 0, 3),
(26, 'Ciudadanía', 1, 0, 0, 3),
(27, 'Religión', 1, 0, 0, 3),
(28, 'Cultura Científica', 2, 0, 0, 3),
(29, 'FOL', 3, 0, 0, 4),
(30, 'Inglés', 5, 0, 0, 4),
(31, 'Aplicaciones Oinformáticas para el Comercio', 4, 0, 0, 4),
(32, 'Técnicas de Almacén', 4, 1, 0, 4),
(33, 'Marketing en la actividad Comercial', 5, 1, 0, 4),
(34, 'Dinamización del punto de venta', 5, 1, 0, 4),
(35, 'Procesos de venta', 4, 1, 0, 4),
(36, 'Tratamiento Informático de la Información', 7, 1, 0, 5),
(37, 'Tecnica Contable', 3, 0, 0, 5),
(38, 'Inglés', 5, 0, 0, 5),
(39, 'Empresa y Administracion', 3, 0, 0, 5),
(40, 'FOL', 3, 0, 0, 5),
(41, 'Operaciones administrativas de compraventa', 4, 1, 0, 5),
(42, 'Comunicación y atención al cliente', 5, 1, 0, 5),
(43, 'Historia del mundo contemporáneo', 4, 0, 0, 6),
(44, 'Francés', 2, 0, 1, 6),
(45, 'Alemán', 2, 0, 1, 6),
(46, 'Economía', 4, 0, 0, 6),
(47, 'Inglés', 3, 0, 0, 6),
(48, 'Literatura Universal', 4, 0, 0, 6),
(49, 'Matemáticas de ciencias sociales', 4, 0, 0, 6),
(50, 'Educación Física', 2, 0, 0, 6),
(51, 'Filosofía', 3, 0, 0, 6),
(52, 'Lengua Castellana y Literatura', 3, 0, 0, 6),
(53, 'Ciudadanía', 1, 0, 0, 6),
(54, 'Religión', 1, 0, 0, 6),
(55, 'FOL', 3, 0, 0, 7),
(56, 'Aplicaciones Ofimáticas', 8, 0, 0, 7),
(57, 'Sistemas Operativos Monopuesto', 5, 0, 0, 7),
(58, 'Redes Locales', 7, 0, 0, 7),
(59, 'Montaje y mantenimiento de Equipos', 7, 0, 0, 7),
(60, 'Física y Química', 4, 0, 0, 8),
(61, 'Francés', 2, 0, 1, 8),
(62, 'Alemán', 2, 0, 1, 8),
(63, 'Biología', 4, 0, 1, 8),
(64, 'Dibujo Técnico', 4, 0, 1, 8),
(65, 'Inglés', 3, 0, 0, 8),
(66, 'Anatomía', 2, 0, 1, 8),
(67, 'Robótica', 2, 0, 1, 8),
(68, 'Matemáticas', 4, 0, 0, 8),
(69, 'Educación Física', 2, 0, 0, 8),
(70, 'Filosofía', 3, 0, 0, 8),
(71, 'Lengua Castellana y Literatura', 3, 0, 0, 8),
(72, 'Ciudadanía', 1, 0, 0, 8),
(73, 'Religión', 1, 0, 0, 8),
(74, 'Cultura Científica', 2, 0, 0, 8),
(75, 'Tecnología Industrial', 2, 0, 0, 8),
(76, 'Programación', 8, 0, 0, 9),
(77, 'Base de datos', 5, 0, 0, 9),
(78, 'Sistemas Informáticos', 5, 0, 0, 9),
(79, 'Lenguaje de Marcas', 3, 0, 0, 9),
(80, 'FOL', 3, 0, 0, 9),
(81, 'Entornos de Desarrollo', 3, 0, 0, 9),
(82, 'Gestión Logística', 5, 0, 0, 10),
(83, 'Recursos Humanos', 4, 0, 0, 10),
(84, 'Gestión Financiera', 6, 0, 0, 10),
(85, 'Contabilidad y Fiscalidad', 6, 0, 0, 10),
(86, 'Simulación Empresarial', 6, 0, 0, 10),
(87, 'Hora libre configuración', 3, 0, 0, 10),
(88, 'Administración de Sistemas Operativos', 6, 0, 0, 11),
(89, 'Empresa e Iniciativa emprendedora', 4, 0, 0, 11),
(90, 'Implantación de Aplicaciones web', 4, 0, 0, 11),
(91, 'Servicios de Red e Internet', 6, 0, 0, 11),
(92, 'Seguridad y Alta disponibilidad', 4, 0, 0, 11),
(93, 'Administración de Base de Datos', 3, 0, 0, 11),
(94, 'Hora libre configuración', 3, 0, 0, 11),
(95, 'Química', 4, 0, 0, 12),
(96, 'Francés', 2, 0, 1, 12),
(97, 'Alemán', 2, 0, 1, 12),
(98, 'Biología', 4, 0, 0, 12),
(99, 'Inglés', 3, 0, 0, 12),
(100, 'Ciencias de la Tierra y Medioambiente', 4, 0, 1, 12),
(101, 'Tecnología Industrial', 4, 0, 1, 12),
(102, 'Matemáticas', 4, 0, 0, 12),
(103, 'Historia de España', 3, 0, 0, 12),
(104, 'Historia de la Filosofía', 2, 0, 0, 12),
(105, 'Lengua Castellana y Literatura', 3, 0, 0, 12),
(106, 'Ciudadanía', 1, 0, 0, 12),
(107, 'Religión', 1, 0, 0, 12),
(108, 'Gestión de un pequeño comercio', 8, 1, 0, 13),
(109, 'Comercio Electrónico', 5, 0, 0, 13),
(110, 'Venta Técnica', 5, 1, 0, 13),
(111, 'Gestión de compras', 4, 1, 0, 13),
(112, 'Servicios de Atencion comercial', 4, 1, 0, 13),
(113, 'Hora libre configuración', 3, 0, 0, 13),
(114, 'Empresa en el Aula', 8, 0, 0, 14),
(115, 'Gestión Tesorería', 7, 0, 0, 14),
(116, 'Tratamiento de la Documentación Contable', 6, 0, 0, 14),
(117, 'RRHH', 6, 0, 0, 14),
(118, 'Hora libre configuración', 3, 0, 0, 14),
(119, 'Historia de España', 3, 0, 0, 15),
(120, 'Francés', 2, 0, 1, 15),
(121, 'Alemán', 2, 0, 1, 15),
(122, 'Economía de la Empresa', 4, 0, 0, 15),
(123, 'Inglés', 3, 0, 0, 15),
(124, 'Psicología', 4, 0, 0, 15),
(125, 'Matemáticas de ciencias sociales', 4, 0, 0, 15),
(126, 'Historia de la Filosofía', 2, 0, 0, 15),
(127, 'Geografía', 4, 0, 0, 15),
(128, 'Lengua Castellana y Literatura', 3, 0, 0, 15),
(129, 'Ciudadanía', 1, 0, 0, 15),
(130, 'Religión', 1, 0, 0, 15),
(131, 'Aplicaciones Web', 4, 0, 0, 16),
(132, 'Empresa e Iniciativa emprendedora', 4, 0, 0, 16),
(133, 'Servicios en Red', 7, 0, 0, 16),
(134, 'Sistemas operativos en red', 7, 0, 0, 16),
(135, 'Seguridad informática', 5, 0, 0, 16),
(136, 'Hora libre configuración', 3, 0, 0, 16),
(137, 'Química', 4, 0, 1, 17),
(138, 'Física', 4, 0, 1, 17),
(139, 'Francés', 2, 0, 1, 17),
(140, 'Alemán', 2, 0, 1, 17),
(141, 'Biología', 4, 0, 1, 17),
(142, 'Dibujo Técnico', 4, 0, 1, 17),
(143, 'Inglés', 3, 0, 0, 17),
(144, 'Ciencias de la Tierra y Medioambiente', 4, 0, 1, 17),
(145, 'Tecnología Industrial', 4, 0, 0, 17),
(146, 'Matemáticas', 4, 0, 0, 17),
(147, 'Historia de España', 3, 0, 0, 17),
(148, 'Historia de la Filosofía', 2, 0, 0, 17),
(149, 'Lengua Castellana y Literatura', 3, 0, 0, 17),
(150, 'Ciudadanía', 1, 0, 0, 17),
(151, 'Religión', 1, 0, 0, 17),
(152, 'Programación de Servicios y procesos', 3, 0, 0, 18),
(153, 'Desarrollo de Interfaces', 7, 0, 0, 18),
(154, 'Programación Móvil', 4, 0, 0, 18),
(155, 'Acceso a datos', 5, 0, 0, 18),
(156, 'Sistema de Gestión Empresarial', 4, 0, 0, 18),
(157, 'Empresa e Iniciativa emprendedora', 4, 0, 0, 18),
(158, 'Hora libre configuración', 3, 0, 0, 18);

-- --------------------------------------------------------

--
-- Estructura de tabla para la tabla `aulas`
--

CREATE TABLE `aulas` (
  `Id` int(11) NOT NULL,
  `Nombre` varchar(255) DEFAULT NULL,
  `Mesas` int(11) DEFAULT NULL,
  `Sillas` int(11) DEFAULT NULL,
  `Proyector` tinyint(1) DEFAULT NULL,
  `Ordenadores` int(11) DEFAULT NULL
) ENGINE=MyISAM DEFAULT CHARSET=utf8;

--
-- Volcado de datos para la tabla `aulas`
--

INSERT INTO `aulas` (`Id`, `Nombre`, `Mesas`, `Sillas`, `Proyector`, `Ordenadores`) VALUES
(1, '1AFI', 16, 30, 1, 15),
(2, '1ASIR', 16, 30, 1, 15),
(3, '1CNS', 30, 30, 1, 0),
(4, '1COMERCIO', 30, 30, 1, 0),
(5, '1GAD', 30, 30, 1, 0),
(6, '1HCS', 30, 30, 1, 0),
(7, '1SMR', 30, 30, 1, 15),
(8, '1TEC', 30, 30, 1, 0),
(9, '2AFI', 30, 30, 1, 15),
(10, '2ASIR', 30, 30, 1, 15),
(11, '2CNS', 30, 30, 1, 0),
(12, '2COM', 30, 30, 1, 0),
(13, '2GAD', 30, 30, 1, 0),
(14, '2HCS', 30, 30, 1, 0),
(15, '2SMR', 30, 30, 1, 15),
(16, '2TEC', 30, 30, 1, 0),
(17, 'APOYO1', 0, 0, 0, 0),
(18, 'APOYO2', 0, 0, 0, 0),
(19, 'APOYO3', 0, 0, 0, 0),
(20, 'APOYO4', 0, 0, 0, 0),
(21, 'DIBUJO', 0, 0, 0, 0),
(22, 'POLIVALENTE1', 0, 0, 0, 0),
(23, 'POLIVALENTE2', 0, 0, 0, 0),
(24, 'POLIVALENTE3', 0, 0, 0, 0),
(25, 'IDIOMAS', 0, 0, 0, 0),
(26, 'TALLER', 0, 0, 0, 0),
(27, 'LABORATORIO', 0, 0, 0, 0),
(28, 'BIBLIOTECA', 0, 0, 0, 0),
(29, 'SALON_DE_ACTOS', 0, 0, 0, 0);

-- --------------------------------------------------------

--
-- Estructura de tabla para la tabla `cargos`
--

CREATE TABLE `cargos` (
  `Id` int(11) NOT NULL,
  `Nombre` varchar(255) DEFAULT NULL,
  `Cod_profesor` int(11) DEFAULT 0
) ENGINE=MyISAM DEFAULT CHARSET=utf8;

--
-- Volcado de datos para la tabla `cargos`
--

INSERT INTO `cargos` (`Id`, `Nombre`, `Cod_profesor`) VALUES
(5, 'Dirección', 5),
(6, 'Jefe del Departamento', 6),
(1, 'jefedeestudios', 2),
(2, 'Presidenta', 3),
(3, 'Secretaria', 4),
(7, 'admin', 19);

-- --------------------------------------------------------

--
-- Estructura de tabla para la tabla `cursos`
--

CREATE TABLE `cursos` (
  `Id` int(11) NOT NULL,
  `Curso` int(11) DEFAULT NULL,
  `Nombre` varchar(255) DEFAULT NULL,
  `Enseñana` varchar(255) DEFAULT NULL,
  `Horario` varchar(255) DEFAULT NULL,
  `Delegado` varchar(255) DEFAULT NULL,
  `Subdelegado` varchar(255) DEFAULT NULL,
  `Aula_Principal` int(11) DEFAULT 0,
  `Tutor` int(11) DEFAULT 0
) ENGINE=MyISAM DEFAULT CHARSET=utf8;

--
-- Volcado de datos para la tabla `cursos`
--

INSERT INTO `cursos` (`Id`, `Curso`, `Nombre`, `Enseñana`, `Horario`, `Delegado`, `Subdelegado`, `Aula_Principal`, `Tutor`) VALUES
(1, 1, 'AFI', 'CFGS', 'MAÑANA', 'PPPPPPP', 'NNNNNN', 1, 30),
(2, 1, 'ASIR', 'CFGS', 'MAÑANA', 'CCCCC', 'DDDDDDD', 2, 3),
(3, 1, 'CNS', 'BACHILLER', 'MAÑANA', 'AAAAA', 'CCCCC', 3, 4),
(4, 1, 'Comercio', 'CFGM', 'MAÑANA', 'BBBBBBBB', 'AAAAA', 4, 5),
(5, 1, 'GAD', 'CFGM', 'MAÑANA', 'AAAAA', 'BBBBBBBB', 5, 6),
(6, 1, 'HCS', 'BACHILLER', 'MAÑANA', 'BBBBBBBB', 'AAAAA', 6, 7),
(7, 1, 'SMR', 'CFGM', 'MAÑANA', 'CCCCC', 'DDDDDDD', 7, 8),
(8, 1, 'TEC', 'BACHILLER', 'MAÑANA', 'DDDDDDD', 'CCCCC', 8, 9),
(9, 1, 'DAM', 'CFGS', 'TARDE', 'AAAAA', 'BBBBBBBB', 10, 10),
(10, 2, 'AFI', 'CFGS', 'MAÑANA', 'CCCCC', 'DDDDDDD', 9, 12),
(11, 2, 'ASIR', 'CFGS', 'MAÑANA', 'CCCCC', 'AAAAA', 10, 14),
(12, 2, 'CNS', 'BACHILLER', 'MAÑANA', 'BBBBBBBB', 'CCCCC', 11, 15),
(13, 2, 'Comercio', 'CFGM', 'MAÑANA', 'AAAAA', 'DDDDDDD', 12, 16),
(14, 2, 'GAD', 'CFGM', 'MAÑANA', 'CCCCC', 'CCCCC', 13, 17),
(15, 2, 'HCS', 'BACHILLER', 'MAÑANA', 'AAAAA', 'DDDDDDD', 14, 18),
(16, 2, 'SMR', 'CFGM', 'MAÑANA', 'DDDDDDD', 'AAAAA', 15, 19),
(17, 2, 'TEC', 'BACHILLER', 'MAÑANA', 'CCCCC', 'DDDDDDD', 16, 20),
(18, 2, 'DAM', 'CFGS', 'TARDE', 'AAAAA', 'CCCCC', 2, 21);

-- --------------------------------------------------------

--
-- Estructura de tabla para la tabla `departamento`
--

CREATE TABLE `departamento` (
  `Id` int(11) NOT NULL,
  `Nombre_del_departamento` varchar(255) DEFAULT NULL,
  `Jefe_departamento` int(11) DEFAULT 0
) ENGINE=MyISAM DEFAULT CHARSET=utf8;

--
-- Volcado de datos para la tabla `departamento`
--

INSERT INTO `departamento` (`Id`, `Nombre_del_departamento`, `Jefe_departamento`) VALUES
(3, 'Lengua y Humanidades', 25),
(4, 'Administración y Gestión', 20),
(5, 'Internacionalización', 30),
(6, 'Otros', 8),
(1, 'Informatica', 19),
(2, 'Ciencias y Salud', 31);

-- --------------------------------------------------------

--
-- Estructura de tabla para la tabla `horario`
--

CREATE TABLE `horario` (
  `Id` int(11) NOT NULL,
  `Dia` varchar(255) DEFAULT NULL,
  `Hora` int(11) DEFAULT NULL
) ENGINE=MyISAM DEFAULT CHARSET=utf8;

--
-- Volcado de datos para la tabla `horario`
--

INSERT INTO `horario` (`Id`, `Dia`, `Hora`) VALUES
(1, 'LUNES', 1),
(2, 'LUNES', 2),
(3, 'LUNES', 3),
(4, 'LUNES', 4),
(5, 'LUNES', 5),
(6, 'LUNES', 6),
(7, 'LUNES', 7),
(8, 'LUNES', 8),
(9, 'LUNES', 9),
(10, 'LUNES', 10),
(11, 'LUNES', 11),
(12, 'LUNES', 12),
(13, 'MARTES', 1),
(14, 'MARTES', 2),
(15, 'MARTES', 3),
(16, 'MARTES', 4),
(17, 'MARTES', 5),
(18, 'MARTES', 6),
(19, 'MARTES', 7),
(20, 'MARTES', 8),
(21, 'MARTES', 9),
(22, 'MARTES', 10),
(23, 'MARTES', 11),
(24, 'MARTES', 12),
(25, 'MIERCOLES', 1),
(26, 'MIERCOLES', 2),
(27, 'MIERCOLES', 3),
(28, 'MIERCOLES', 4),
(29, 'MIERCOLES', 5),
(30, 'MIERCOLES', 6),
(31, 'MIERCOLES', 7),
(32, 'MIERCOLES', 8),
(33, 'MIERCOLES', 9),
(34, 'MIERCOLES', 10),
(35, 'MIERCOLES', 11),
(36, 'MIERCOLES', 12),
(37, 'JUEVES', 1),
(38, 'JUEVES', 2),
(39, 'JUEVES', 3),
(40, 'JUEVES', 4),
(41, 'JUEVES', 5),
(42, 'JUEVES', 6),
(43, 'JUEVES', 7),
(44, 'JUEVES', 8),
(45, 'JUEVES', 9),
(46, 'JUEVES', 10),
(47, 'JUEVES', 11),
(48, 'JUEVES', 12),
(49, 'VIERNES', 1),
(50, 'VIERNES', 2),
(51, 'VIERNES', 3),
(52, 'VIERNES', 4),
(53, 'VIERNES', 5),
(54, 'VIERNES', 6),
(55, 'VIERNES', 7),
(56, 'VIERNES', 8),
(57, 'VIERNES', 9),
(58, 'VIERNES', 10),
(59, 'VIERNES', 11),
(60, 'VIERNES', 12);

-- --------------------------------------------------------

--
-- Estructura de tabla para la tabla `profesores`
--

CREATE TABLE `profesores` (
  `Id` int(11) NOT NULL,
  `DNI` varchar(255) DEFAULT NULL,
  `Nombre` varchar(255) DEFAULT NULL,
  `Apellidos` varchar(255) DEFAULT NULL,
  `Fecha_de_nacimiento` datetime DEFAULT NULL,
  `Numero_de_horas` int(11) DEFAULT NULL,
  `Cod_Departamento` int(11) DEFAULT 0,
  `usuario` varchar(255) NOT NULL,
  `contrasena` longtext CHARACTER SET utf8mb4 COLLATE utf8mb4_bin NOT NULL
) ENGINE=MyISAM DEFAULT CHARSET=utf8;

--
-- Volcado de datos para la tabla `profesores`
--

INSERT INTO `profesores` (`Id`, `DNI`, `Nombre`, `Apellidos`, `Fecha_de_nacimiento`, `Numero_de_horas`, `Cod_Departamento`, `usuario`, `contrasena`) VALUES
(21, '00000000A', 'Álvaro', 'C', '1960-01-01 00:00:00', 30, 3, 'alvaroc', '$2y$12$ZgH4sOzVd57rp3Lo5qT9DOdAvEo.uFQnR0pcqJnZ98P6SFXd3S1uC'),
(19, '00000000B', 'Álvaro', 'M', '1960-01-02 00:00:00', 29, 1, 'alvarom', '$2y$12$ZgH4sOzVd57rp3Lo5qT9DOdAvEo.uFQnR0pcqJnZ98P6SFXd3S1uC'),
(22, '00000000C', 'Ana', 'B', '1960-01-03 00:00:00', 30, 3, '', ''),
(31, '00000000D', 'Ana', 'L', '1960-01-04 00:00:00', 30, 5, '', ''),
(15, '00000000E', 'Ana', 'Luq', '1960-01-05 00:00:00', 30, 4, '', ''),
(18, '00000000F', 'Antonio', 'P', '1960-01-06 00:00:00', 30, 2, '', ''),
(32, '00000000G', 'Aurora', 'T', '1960-01-07 00:00:00', 3, 1, '', ''),
(17, '00000000H', 'Auxiliadora', 'X', '1960-01-08 00:00:00', 30, 4, '', ''),
(3, '00000000I', 'Charo', 'X', '1960-01-09 00:00:00', 30, 1, '', ''),
(2, '00000000J', 'Cristina', 'X', '1960-01-10 00:00:00', 30, 3, 'cristinax', '$2y$12$ZgH4sOzVd57rp3Lo5qT9DOdAvEo.uFQnR0pcqJnZ98P6SFXd3S1uC'),
(5, '00000000K', 'Daniel', 'X', '1960-01-11 00:00:00', 7, 4, '', ''),
(12, '00000000L', 'Enriqueta', 'X', '1960-01-12 00:00:00', 30, 4, '', ''),
(26, '00000000M', 'Francisco Javier', 'X', '1960-01-13 00:00:00', 18, 2, '', ''),
(29, '00000000N', 'Fuensanta', 'X', '1960-01-14 00:00:00', 30, 2, '', ''),
(10, '00000000O', 'Gabriel', 'X', '1960-01-15 00:00:00', 6, 3, '', ''),
(25, '00000000P', 'Irene', 'X', '1960-01-16 00:00:00', 30, 3, '', ''),
(6, '00000000Q', 'Isabel', 'L', '1960-01-17 00:00:00', 30, 2, '', ''),
(9, '00000000R', 'Isabel', 'Te', '1960-01-18 00:00:00', 30, 1, '', ''),
(8, '00000000S', 'Jesús', 'Her', '1960-01-19 00:00:00', 30, 6, '', ''),
(4, '00000000T', 'José Manuel', 'X', '1960-01-20 00:00:00', 30, 3, '', ''),
(30, '00000000U', 'Lourdes', 'X', '1960-01-21 00:00:00', 30, 2, '', ''),
(36, '00000000V', 'Mª Eugenia', 'X', '1960-01-22 00:00:00', 4, 2, '', ''),
(35, '00000000W', 'Mª José', 'X', '1960-01-23 00:00:00', 21, 1, '', ''),
(7, '00000000X', 'Mª José', 'O', '1960-01-24 00:00:00', 20, 1, '', ''),
(16, '00000000Y', 'Mª José', 'Sá', '1960-01-25 00:00:00', 6, 3, '', ''),
(33, '00000000Z', 'Marcos', 'Mat', '1960-01-26 00:00:00', 24, 4, '', ''),
(34, '00000001A', 'María', 'R', '1960-01-27 00:00:00', 21, 1, '', ''),
(28, '00000001B', 'Marina', 'H', '1960-01-28 00:00:00', 13, 2, '', ''),
(23, '00000001C', 'Marisol', 'B', '1960-01-29 00:00:00', 30, 4, '', ''),
(20, '00000001D', 'Mercedes', 'Ru', '1960-01-30 00:00:00', 15, 4, '', ''),
(24, '00000001E', 'Mingel Ángel', 'G', '1960-01-31 00:00:00', 30, 4, '', ''),
(27, '00000001F', 'Miguel', 'C', '1960-02-01 00:00:00', 30, 2, '', ''),
(14, '00000001G', 'Tránsito de', 'X', '1960-02-02 00:00:00', 30, 6, '', '');

-- --------------------------------------------------------

--
-- Estructura de tabla para la tabla `rel_aula_hora`
--

CREATE TABLE `rel_aula_hora` (
  `Id` int(11) NOT NULL,
  `Cod_hora` int(11) NOT NULL DEFAULT 0,
  `Cod_Aula` int(11) NOT NULL DEFAULT 0
) ENGINE=MyISAM DEFAULT CHARSET=utf8;

--
-- Volcado de datos para la tabla `rel_aula_hora`
--

INSERT INTO `rel_aula_hora` (`Id`, `Cod_hora`, `Cod_Aula`) VALUES
(481, 31, 1),
(482, 31, 2),
(483, 31, 3),
(484, 31, 4),
(485, 31, 5),
(486, 31, 6),
(487, 31, 7),
(488, 31, 8),
(489, 31, 9),
(490, 31, 10),
(491, 31, 11),
(492, 31, 12),
(493, 31, 13),
(494, 31, 14),
(495, 31, 15),
(496, 31, 16),
(497, 32, 1),
(498, 32, 2),
(499, 32, 3),
(500, 32, 4),
(501, 32, 5),
(502, 32, 6),
(503, 32, 7),
(504, 32, 8),
(505, 32, 9),
(506, 32, 10),
(507, 32, 11),
(508, 32, 12),
(509, 32, 13),
(510, 32, 14),
(511, 32, 15),
(512, 32, 16),
(513, 33, 1),
(514, 33, 2),
(515, 33, 3),
(516, 33, 4),
(517, 33, 5),
(518, 33, 6),
(519, 33, 7),
(520, 33, 8),
(521, 33, 9),
(522, 33, 10),
(523, 33, 11),
(524, 33, 12),
(525, 33, 13),
(526, 33, 14),
(527, 33, 15),
(528, 33, 16),
(529, 34, 1),
(530, 34, 2),
(531, 34, 3),
(532, 34, 4),
(533, 34, 5),
(534, 34, 6),
(535, 34, 7),
(536, 34, 8),
(537, 34, 9),
(538, 34, 10),
(539, 34, 11),
(540, 34, 12),
(541, 34, 13),
(542, 34, 14),
(543, 34, 15),
(544, 34, 16),
(545, 35, 1),
(546, 35, 2),
(547, 35, 3),
(548, 35, 4),
(549, 35, 5),
(550, 35, 6),
(551, 35, 7),
(552, 35, 8),
(553, 35, 9),
(554, 35, 10),
(555, 35, 11),
(556, 35, 12),
(557, 35, 13),
(558, 35, 14),
(559, 35, 15),
(560, 35, 16),
(561, 36, 1),
(562, 36, 2),
(563, 36, 3),
(564, 36, 4),
(565, 36, 5),
(566, 36, 6),
(567, 36, 7),
(568, 36, 8),
(569, 36, 9),
(570, 36, 10),
(571, 36, 11),
(572, 36, 12),
(573, 36, 13),
(574, 36, 14),
(575, 36, 15),
(576, 36, 16),
(577, 37, 1),
(578, 37, 2),
(579, 37, 3),
(580, 37, 4),
(581, 37, 5),
(582, 37, 6),
(583, 37, 7),
(584, 37, 8),
(585, 37, 9),
(586, 37, 10),
(587, 37, 11),
(588, 37, 12),
(589, 37, 13),
(590, 37, 14),
(591, 37, 15),
(592, 37, 16),
(593, 38, 1),
(594, 38, 2),
(595, 38, 3),
(596, 38, 4),
(597, 38, 5),
(598, 38, 6),
(599, 38, 7),
(600, 38, 8),
(601, 38, 9),
(602, 38, 10),
(603, 38, 11),
(604, 38, 12),
(605, 38, 13),
(606, 38, 14),
(607, 38, 15),
(608, 38, 16),
(609, 39, 1),
(610, 39, 2),
(611, 39, 3),
(612, 39, 4),
(613, 39, 5),
(614, 39, 6),
(615, 39, 7),
(616, 39, 8),
(617, 39, 9),
(618, 39, 10),
(619, 39, 11),
(620, 39, 12),
(621, 39, 13),
(622, 39, 14),
(623, 39, 15),
(624, 39, 16),
(625, 40, 1),
(626, 40, 2),
(627, 40, 3),
(628, 40, 4),
(629, 40, 5),
(630, 40, 6),
(631, 40, 7),
(632, 40, 8),
(633, 40, 9),
(634, 40, 10),
(635, 40, 11),
(636, 40, 12),
(637, 40, 13),
(638, 40, 14),
(639, 40, 15),
(640, 40, 16),
(641, 41, 1),
(642, 41, 2),
(643, 41, 3),
(644, 41, 4),
(645, 41, 5),
(646, 41, 6),
(647, 41, 7),
(648, 41, 8),
(649, 41, 9),
(650, 41, 10),
(651, 41, 11),
(652, 41, 12),
(653, 41, 13),
(654, 41, 14),
(655, 41, 15),
(656, 41, 16),
(657, 42, 1),
(658, 42, 2),
(659, 42, 3),
(660, 42, 4),
(661, 42, 5),
(662, 42, 6),
(663, 42, 7),
(664, 42, 8),
(665, 42, 9),
(666, 42, 10),
(667, 42, 11),
(668, 42, 12),
(669, 42, 13),
(670, 42, 14),
(671, 42, 15),
(672, 42, 16),
(673, 43, 1),
(674, 43, 2),
(675, 43, 3),
(676, 43, 4),
(677, 43, 5),
(678, 43, 6),
(679, 43, 7),
(680, 43, 8),
(681, 43, 9),
(682, 43, 10),
(683, 43, 11),
(684, 43, 12),
(685, 43, 13),
(686, 43, 14),
(687, 43, 15),
(688, 43, 16),
(689, 44, 1),
(690, 44, 2),
(691, 44, 3),
(692, 44, 4),
(693, 44, 5),
(694, 44, 6),
(695, 44, 7),
(696, 44, 8),
(697, 44, 9),
(698, 44, 10),
(699, 44, 11),
(700, 44, 12),
(701, 44, 13),
(702, 44, 14),
(703, 44, 15),
(704, 44, 16),
(705, 45, 1),
(706, 45, 2),
(707, 45, 3),
(708, 45, 4),
(709, 45, 5),
(710, 45, 6),
(711, 45, 7),
(712, 45, 8),
(713, 45, 9),
(714, 45, 10),
(715, 45, 11),
(716, 45, 12),
(717, 45, 13),
(718, 45, 14),
(719, 45, 15),
(720, 45, 16),
(721, 46, 1),
(722, 46, 2),
(723, 46, 3),
(724, 46, 4),
(725, 46, 5),
(726, 46, 6),
(727, 46, 7),
(728, 46, 8),
(729, 46, 9),
(730, 46, 10),
(731, 46, 11),
(732, 46, 12),
(733, 46, 13),
(734, 46, 14),
(735, 46, 15),
(736, 46, 16),
(737, 47, 1),
(738, 47, 2),
(739, 47, 3),
(740, 47, 4),
(741, 47, 5),
(742, 47, 6),
(743, 47, 7),
(744, 47, 8),
(745, 47, 9),
(746, 47, 10),
(747, 47, 11),
(748, 47, 12),
(749, 47, 13),
(750, 47, 14),
(751, 47, 15),
(752, 47, 16),
(753, 48, 1),
(754, 48, 2),
(755, 48, 3),
(756, 48, 4),
(757, 48, 5),
(758, 48, 6),
(759, 48, 7),
(760, 48, 8),
(761, 48, 9),
(762, 48, 10),
(763, 48, 11),
(764, 48, 12),
(765, 48, 13),
(766, 48, 14),
(767, 48, 15),
(768, 48, 16),
(769, 49, 1),
(770, 49, 2),
(771, 49, 3),
(772, 49, 4),
(773, 49, 5),
(774, 49, 6),
(775, 49, 7),
(776, 49, 8),
(777, 49, 9),
(778, 49, 10),
(779, 49, 11),
(780, 49, 12),
(781, 49, 13),
(782, 49, 14),
(783, 49, 15),
(784, 49, 16),
(785, 50, 1),
(786, 50, 2),
(787, 50, 3),
(788, 50, 4),
(789, 50, 5),
(790, 50, 6),
(791, 50, 7),
(792, 50, 8),
(793, 50, 9),
(794, 50, 10),
(795, 50, 11),
(796, 50, 12),
(797, 50, 13),
(798, 50, 14),
(799, 50, 15),
(800, 50, 16),
(801, 51, 1),
(802, 51, 2),
(803, 51, 3),
(804, 51, 4),
(805, 51, 5),
(806, 51, 6),
(807, 51, 7),
(808, 51, 8),
(809, 51, 9),
(810, 51, 10),
(811, 51, 11),
(812, 51, 12),
(813, 51, 13),
(814, 51, 14),
(815, 51, 15),
(816, 51, 16),
(817, 52, 1),
(818, 52, 2),
(819, 52, 3),
(820, 52, 4),
(821, 52, 5),
(822, 52, 6),
(823, 52, 7),
(824, 52, 8),
(825, 52, 9),
(826, 52, 10),
(827, 52, 11),
(828, 52, 12),
(829, 52, 13),
(830, 52, 14),
(831, 52, 15),
(832, 52, 16),
(833, 53, 1),
(834, 53, 2),
(835, 53, 3),
(836, 53, 4),
(837, 53, 5),
(838, 53, 6),
(839, 53, 7),
(840, 53, 8),
(841, 53, 9),
(842, 53, 10),
(843, 53, 11),
(844, 53, 12),
(845, 53, 13),
(846, 53, 14),
(847, 53, 15),
(848, 53, 16),
(849, 54, 1),
(850, 54, 2),
(851, 54, 3),
(852, 54, 4),
(853, 54, 5),
(854, 54, 6),
(855, 54, 7),
(856, 54, 8),
(857, 54, 9),
(858, 54, 10),
(859, 54, 11),
(860, 54, 12),
(861, 54, 13),
(862, 54, 14),
(863, 54, 15),
(864, 54, 16),
(865, 55, 1),
(866, 55, 2),
(867, 55, 3),
(868, 55, 4),
(869, 55, 5),
(870, 55, 6),
(871, 55, 7),
(872, 55, 8),
(873, 55, 9),
(874, 55, 10),
(875, 55, 11),
(876, 55, 12),
(877, 55, 13),
(878, 55, 14),
(879, 55, 15),
(880, 55, 16),
(881, 56, 1),
(882, 56, 2),
(883, 56, 3),
(884, 56, 4),
(885, 56, 5),
(886, 56, 6),
(887, 56, 7),
(888, 56, 8),
(889, 56, 9),
(890, 56, 10),
(891, 56, 11),
(892, 56, 12),
(893, 56, 13),
(894, 56, 14),
(895, 56, 15),
(896, 56, 16),
(897, 57, 1),
(898, 57, 2),
(899, 57, 3),
(900, 57, 4),
(901, 57, 5),
(902, 57, 6),
(903, 57, 7),
(904, 57, 8),
(905, 57, 9),
(906, 57, 10),
(907, 57, 11),
(908, 57, 12),
(909, 57, 13),
(910, 57, 14),
(911, 57, 15),
(912, 57, 16),
(913, 58, 1),
(914, 58, 2),
(915, 58, 3),
(916, 58, 4),
(917, 58, 5),
(918, 58, 6),
(919, 58, 7),
(920, 58, 8),
(921, 58, 9),
(922, 58, 10),
(923, 58, 11),
(924, 58, 12),
(925, 58, 13),
(926, 58, 14),
(927, 58, 15),
(928, 58, 16),
(929, 59, 1),
(930, 59, 2),
(931, 59, 3),
(932, 59, 4),
(933, 59, 5),
(934, 59, 6),
(935, 59, 7),
(936, 59, 8),
(937, 59, 9),
(938, 59, 10),
(939, 59, 11),
(940, 59, 12),
(941, 59, 13),
(942, 59, 14),
(943, 59, 15),
(944, 59, 16),
(945, 60, 1),
(946, 60, 2),
(947, 60, 3),
(948, 60, 4),
(949, 60, 5),
(950, 60, 6),
(951, 60, 7),
(952, 60, 8),
(953, 60, 9),
(954, 60, 10),
(955, 60, 11),
(956, 60, 12),
(957, 60, 13),
(958, 60, 14),
(959, 60, 15),
(960, 60, 16),
(1, 1, 1),
(2, 1, 2),
(3, 1, 3),
(4, 1, 4),
(5, 1, 5),
(6, 1, 6),
(7, 1, 7),
(8, 1, 8),
(9, 1, 9),
(10, 1, 10),
(11, 1, 11),
(12, 1, 12),
(13, 1, 13),
(14, 1, 14),
(15, 1, 15),
(16, 1, 16),
(17, 2, 1),
(18, 2, 2),
(19, 2, 3),
(20, 2, 4),
(21, 2, 5),
(22, 2, 6),
(23, 2, 7),
(24, 2, 8),
(25, 2, 9),
(26, 2, 10),
(27, 2, 11),
(28, 2, 12),
(29, 2, 13),
(30, 2, 14),
(31, 2, 15),
(32, 2, 16),
(33, 3, 1),
(34, 3, 2),
(35, 3, 3),
(36, 3, 4),
(37, 3, 5),
(38, 3, 6),
(39, 3, 7),
(40, 3, 8),
(41, 3, 9),
(42, 3, 10),
(43, 3, 11),
(44, 3, 12),
(45, 3, 13),
(46, 3, 14),
(47, 3, 15),
(48, 3, 16),
(49, 4, 1),
(50, 4, 2),
(51, 4, 3),
(52, 4, 4),
(53, 4, 5),
(54, 4, 6),
(55, 4, 7),
(56, 4, 8),
(57, 4, 9),
(58, 4, 10),
(59, 4, 11),
(60, 4, 12),
(61, 4, 13),
(62, 4, 14),
(63, 4, 15),
(64, 4, 16),
(65, 5, 1),
(66, 5, 2),
(67, 5, 3),
(68, 5, 4),
(69, 5, 5),
(70, 5, 6),
(71, 5, 7),
(72, 5, 8),
(73, 5, 9),
(74, 5, 10),
(75, 5, 11),
(76, 5, 12),
(77, 5, 13),
(78, 5, 14),
(79, 5, 15),
(80, 5, 16),
(81, 6, 1),
(82, 6, 2),
(83, 6, 3),
(84, 6, 4),
(85, 6, 5),
(86, 6, 6),
(87, 6, 7),
(88, 6, 8),
(89, 6, 9),
(90, 6, 10),
(91, 6, 11),
(92, 6, 12),
(93, 6, 13),
(94, 6, 14),
(95, 6, 15),
(96, 6, 16),
(97, 7, 1),
(98, 7, 2),
(99, 7, 3),
(100, 7, 4),
(101, 7, 5),
(102, 7, 6),
(103, 7, 7),
(104, 7, 8),
(105, 7, 9),
(106, 7, 10),
(107, 7, 11),
(108, 7, 12),
(109, 7, 13),
(110, 7, 14),
(111, 7, 15),
(112, 7, 16),
(113, 8, 1),
(114, 8, 2),
(115, 8, 3),
(116, 8, 4),
(117, 8, 5),
(118, 8, 6),
(119, 8, 7),
(120, 8, 8),
(121, 8, 9),
(122, 8, 10),
(123, 8, 11),
(124, 8, 12),
(125, 8, 13),
(126, 8, 14),
(127, 8, 15),
(128, 8, 16),
(129, 9, 1),
(130, 9, 2),
(131, 9, 3),
(132, 9, 4),
(133, 9, 5),
(134, 9, 6),
(135, 9, 7),
(136, 9, 8),
(137, 9, 9),
(138, 9, 10),
(139, 9, 11),
(140, 9, 12),
(141, 9, 13),
(142, 9, 14),
(143, 9, 15),
(144, 9, 16),
(145, 10, 1),
(146, 10, 2),
(147, 10, 3),
(148, 10, 4),
(149, 10, 5),
(150, 10, 6),
(151, 10, 7),
(152, 10, 8),
(153, 10, 9),
(154, 10, 10),
(155, 10, 11),
(156, 10, 12),
(157, 10, 13),
(158, 10, 14),
(159, 10, 15),
(160, 10, 16),
(161, 11, 1),
(162, 11, 2),
(163, 11, 3),
(164, 11, 4),
(165, 11, 5),
(166, 11, 6),
(167, 11, 7),
(168, 11, 8),
(169, 11, 9),
(170, 11, 10),
(171, 11, 11),
(172, 11, 12),
(173, 11, 13),
(174, 11, 14),
(175, 11, 15),
(176, 11, 16),
(177, 12, 1),
(178, 12, 2),
(179, 12, 3),
(180, 12, 4),
(181, 12, 5),
(182, 12, 6),
(183, 12, 7),
(184, 12, 8),
(185, 12, 9),
(186, 12, 10),
(187, 12, 11),
(188, 12, 12),
(189, 12, 13),
(190, 12, 14),
(191, 12, 15),
(192, 12, 16),
(193, 13, 1),
(194, 13, 2),
(195, 13, 3),
(196, 13, 4),
(197, 13, 5),
(198, 13, 6),
(199, 13, 7),
(200, 13, 8),
(201, 13, 9),
(202, 13, 10),
(203, 13, 11),
(204, 13, 12),
(205, 13, 13),
(206, 13, 14),
(207, 13, 15),
(208, 13, 16),
(209, 14, 1),
(210, 14, 2),
(211, 14, 3),
(212, 14, 4),
(213, 14, 5),
(214, 14, 6),
(215, 14, 7),
(216, 14, 8),
(217, 14, 9),
(218, 14, 10),
(219, 14, 11),
(220, 14, 12),
(221, 14, 13),
(222, 14, 14),
(223, 14, 15),
(224, 14, 16),
(225, 15, 1),
(226, 15, 2),
(227, 15, 3),
(228, 15, 4),
(229, 15, 5),
(230, 15, 6),
(231, 15, 7),
(232, 15, 8),
(233, 15, 9),
(234, 15, 10),
(235, 15, 11),
(236, 15, 12),
(237, 15, 13),
(238, 15, 14),
(239, 15, 15),
(240, 15, 16),
(241, 16, 1),
(242, 16, 2),
(243, 16, 3),
(244, 16, 4),
(245, 16, 5),
(246, 16, 6),
(247, 16, 7),
(248, 16, 8),
(249, 16, 9),
(250, 16, 10),
(251, 16, 11),
(252, 16, 12),
(253, 16, 13),
(254, 16, 14),
(255, 16, 15),
(256, 16, 16),
(257, 17, 1),
(258, 17, 2),
(259, 17, 3),
(260, 17, 4),
(261, 17, 5),
(262, 17, 6),
(263, 17, 7),
(264, 17, 8),
(265, 17, 9),
(266, 17, 10),
(267, 17, 11),
(268, 17, 12),
(269, 17, 13),
(270, 17, 14),
(271, 17, 15),
(272, 17, 16),
(273, 18, 1),
(274, 18, 2),
(275, 18, 3),
(276, 18, 4),
(277, 18, 5),
(278, 18, 6),
(279, 18, 7),
(280, 18, 8),
(281, 18, 9),
(282, 18, 10),
(283, 18, 11),
(284, 18, 12),
(285, 18, 13),
(286, 18, 14),
(287, 18, 15),
(288, 18, 16),
(289, 19, 1),
(290, 19, 2),
(291, 19, 3),
(292, 19, 4),
(293, 19, 5),
(294, 19, 6),
(295, 19, 7),
(296, 19, 8),
(297, 19, 9),
(298, 19, 10),
(299, 19, 11),
(300, 19, 12),
(301, 19, 13),
(302, 19, 14),
(303, 19, 15),
(304, 19, 16),
(305, 20, 1),
(306, 20, 2),
(307, 20, 3),
(308, 20, 4),
(309, 20, 5),
(310, 20, 6),
(311, 20, 7),
(312, 20, 8),
(313, 20, 9),
(314, 20, 10),
(315, 20, 11),
(316, 20, 12),
(317, 20, 13),
(318, 20, 14),
(319, 20, 15),
(320, 20, 16),
(321, 21, 1),
(322, 21, 2),
(323, 21, 3),
(324, 21, 4),
(325, 21, 5),
(326, 21, 6),
(327, 21, 7),
(328, 21, 8),
(329, 21, 9),
(330, 21, 10),
(331, 21, 11),
(332, 21, 12),
(333, 21, 13),
(334, 21, 14),
(335, 21, 15),
(336, 21, 16),
(337, 22, 1),
(338, 22, 2),
(339, 22, 3),
(340, 22, 4),
(341, 22, 5),
(342, 22, 6),
(343, 22, 7),
(344, 22, 8),
(345, 22, 9),
(346, 22, 10),
(347, 22, 11),
(348, 22, 12),
(349, 22, 13),
(350, 22, 14),
(351, 22, 15),
(352, 22, 16),
(353, 23, 1),
(354, 23, 2),
(355, 23, 3),
(356, 23, 4),
(357, 23, 5),
(358, 23, 6),
(359, 23, 7),
(360, 23, 8),
(361, 23, 9),
(362, 23, 10),
(363, 23, 11),
(364, 23, 12),
(365, 23, 13),
(366, 23, 14),
(367, 23, 15),
(368, 23, 16),
(369, 24, 1),
(370, 24, 2),
(371, 24, 3),
(372, 24, 4),
(373, 24, 5),
(374, 24, 6),
(375, 24, 7),
(376, 24, 8),
(377, 24, 9),
(378, 24, 10),
(379, 24, 11),
(380, 24, 12),
(381, 24, 13),
(382, 24, 14),
(383, 24, 15),
(384, 24, 16),
(385, 25, 1),
(386, 25, 2),
(387, 25, 3),
(388, 25, 4),
(389, 25, 5),
(390, 25, 6),
(391, 25, 7),
(392, 25, 8),
(393, 25, 9),
(394, 25, 10),
(395, 25, 11),
(396, 25, 12),
(397, 25, 13),
(398, 25, 14),
(399, 25, 15),
(400, 25, 16),
(401, 26, 1),
(402, 26, 2),
(403, 26, 3),
(404, 26, 4),
(405, 26, 5),
(406, 26, 6),
(407, 26, 7),
(408, 26, 8),
(409, 26, 9),
(410, 26, 10),
(411, 26, 11),
(412, 26, 12),
(413, 26, 13),
(414, 26, 14),
(415, 26, 15),
(416, 26, 16),
(417, 27, 1),
(418, 27, 2),
(419, 27, 3),
(420, 27, 4),
(421, 27, 5),
(422, 27, 6),
(423, 27, 7),
(424, 27, 8),
(425, 27, 9),
(426, 27, 10),
(427, 27, 11),
(428, 27, 12),
(429, 27, 13),
(430, 27, 14),
(431, 27, 15),
(432, 27, 16),
(433, 28, 1),
(434, 28, 2),
(435, 28, 3),
(436, 28, 4),
(437, 28, 5),
(438, 28, 6),
(439, 28, 7),
(440, 28, 8),
(441, 28, 9),
(442, 28, 10),
(443, 28, 11),
(444, 28, 12),
(445, 28, 13),
(446, 28, 14),
(447, 28, 15),
(448, 28, 16),
(449, 29, 1),
(450, 29, 2),
(451, 29, 3),
(452, 29, 4),
(453, 29, 5),
(454, 29, 6),
(455, 29, 7),
(456, 29, 8),
(457, 29, 9),
(458, 29, 10),
(459, 29, 11),
(460, 29, 12),
(461, 29, 13),
(462, 29, 14),
(463, 29, 15),
(464, 29, 16),
(465, 30, 1),
(466, 30, 2),
(467, 30, 3),
(468, 30, 4),
(469, 30, 5),
(470, 30, 6),
(471, 30, 7),
(472, 30, 8),
(473, 30, 9),
(474, 30, 10),
(475, 30, 11),
(476, 30, 12),
(477, 30, 13),
(478, 30, 14),
(479, 30, 15),
(480, 30, 16),
(961, 1, 17),
(962, 2, 17),
(963, 3, 17),
(964, 4, 17),
(965, 5, 17),
(966, 6, 17),
(967, 7, 17),
(968, 8, 17),
(969, 9, 17),
(970, 10, 17),
(971, 11, 17),
(972, 12, 17),
(973, 13, 17),
(974, 14, 17),
(975, 15, 17),
(976, 16, 17),
(977, 17, 17),
(978, 18, 17),
(979, 19, 17),
(980, 20, 17),
(981, 21, 17),
(982, 22, 17),
(983, 23, 17),
(984, 24, 17),
(985, 25, 17),
(986, 26, 17),
(987, 27, 17),
(988, 28, 17),
(989, 29, 17),
(990, 30, 17),
(991, 31, 17),
(992, 32, 17),
(993, 33, 17),
(994, 34, 17),
(995, 35, 17),
(996, 36, 17),
(997, 37, 17),
(998, 38, 17),
(999, 39, 17),
(1000, 40, 17),
(1001, 41, 17),
(1002, 42, 17),
(1003, 43, 17),
(1004, 44, 17),
(1005, 45, 17),
(1006, 46, 17),
(1007, 47, 17),
(1008, 48, 17),
(1009, 49, 17),
(1010, 50, 17),
(1011, 51, 17),
(1012, 52, 17),
(1013, 53, 17),
(1014, 54, 17),
(1015, 55, 17),
(1016, 56, 17),
(1017, 57, 17),
(1018, 58, 17),
(1019, 59, 17),
(1020, 60, 17),
(1021, 1, 18),
(1022, 2, 18),
(1023, 3, 18),
(1024, 4, 18),
(1025, 5, 18),
(1026, 6, 18),
(1027, 7, 18),
(1028, 8, 18),
(1029, 9, 18),
(1030, 10, 18),
(1031, 11, 18),
(1032, 12, 18),
(1033, 13, 18),
(1034, 14, 18),
(1035, 15, 18),
(1036, 16, 18),
(1037, 17, 18),
(1038, 18, 18),
(1039, 19, 18),
(1040, 20, 18),
(1041, 21, 18),
(1042, 22, 18),
(1043, 23, 18),
(1044, 24, 18),
(1045, 25, 18),
(1046, 26, 18),
(1047, 27, 18),
(1048, 28, 18),
(1049, 29, 18),
(1050, 30, 18),
(1051, 31, 18),
(1052, 32, 18),
(1053, 33, 18),
(1054, 34, 18),
(1055, 35, 18),
(1056, 36, 18),
(1057, 37, 18),
(1058, 38, 18),
(1059, 39, 18),
(1060, 40, 18),
(1061, 41, 18),
(1062, 42, 18),
(1063, 43, 18),
(1064, 44, 18),
(1065, 45, 18),
(1066, 46, 18),
(1067, 47, 18),
(1068, 48, 18),
(1069, 49, 18),
(1070, 50, 18),
(1071, 51, 18),
(1072, 52, 18),
(1073, 53, 18),
(1074, 54, 18),
(1075, 55, 18),
(1076, 56, 18),
(1077, 57, 18),
(1078, 58, 18),
(1079, 59, 18),
(1080, 60, 18),
(1081, 1, 19),
(1082, 2, 19),
(1083, 3, 19),
(1084, 4, 19),
(1085, 5, 19),
(1086, 6, 19),
(1087, 7, 19),
(1088, 8, 19),
(1089, 9, 19),
(1090, 10, 19),
(1091, 11, 19),
(1092, 12, 19),
(1093, 13, 19),
(1094, 14, 19),
(1095, 15, 19),
(1096, 16, 19),
(1097, 17, 19),
(1098, 18, 19),
(1099, 19, 19),
(1100, 20, 19),
(1101, 21, 19),
(1102, 22, 19),
(1103, 23, 19),
(1104, 24, 19),
(1105, 25, 19),
(1106, 26, 19),
(1107, 27, 19),
(1108, 28, 19),
(1109, 29, 19),
(1110, 30, 19),
(1111, 31, 19),
(1112, 32, 19),
(1113, 33, 19),
(1114, 34, 19),
(1115, 35, 19),
(1116, 36, 19),
(1117, 37, 19),
(1118, 38, 19),
(1119, 39, 19),
(1120, 40, 19),
(1121, 41, 19),
(1122, 42, 19),
(1123, 43, 19),
(1124, 44, 19),
(1125, 45, 19),
(1126, 46, 19),
(1127, 47, 19),
(1128, 48, 19),
(1129, 49, 19),
(1130, 50, 19),
(1131, 51, 19),
(1132, 52, 19),
(1133, 53, 19),
(1134, 54, 19),
(1135, 55, 19),
(1136, 56, 19),
(1137, 57, 19),
(1138, 58, 19),
(1139, 59, 19),
(1140, 60, 19),
(1141, 1, 20),
(1142, 2, 20),
(1143, 3, 20),
(1144, 4, 20),
(1145, 5, 20),
(1146, 6, 20),
(1147, 7, 20),
(1148, 8, 20),
(1149, 9, 20),
(1150, 10, 20),
(1151, 11, 20),
(1152, 12, 20),
(1153, 13, 20),
(1154, 14, 20),
(1155, 15, 20),
(1156, 16, 20),
(1157, 17, 20),
(1158, 18, 20),
(1159, 19, 20),
(1160, 20, 20),
(1161, 21, 20),
(1162, 22, 20),
(1163, 23, 20),
(1164, 24, 20),
(1165, 25, 20),
(1166, 26, 20),
(1167, 27, 20),
(1168, 28, 20),
(1169, 29, 20),
(1170, 30, 20),
(1171, 31, 20),
(1172, 32, 20),
(1173, 33, 20),
(1174, 34, 20),
(1175, 35, 20),
(1176, 36, 20),
(1177, 37, 20),
(1178, 38, 20),
(1179, 39, 20),
(1180, 40, 20),
(1181, 41, 20),
(1182, 42, 20),
(1183, 43, 20),
(1184, 44, 20),
(1185, 45, 20),
(1186, 46, 20),
(1187, 47, 20),
(1188, 48, 20),
(1189, 49, 20),
(1190, 50, 20),
(1191, 51, 20),
(1192, 52, 20),
(1193, 53, 20),
(1194, 54, 20),
(1195, 55, 20),
(1196, 56, 20),
(1197, 57, 20),
(1198, 58, 20),
(1199, 59, 20),
(1200, 60, 20),
(1201, 1, 21),
(1202, 2, 21),
(1203, 3, 21),
(1204, 4, 21),
(1205, 5, 21),
(1206, 6, 21),
(1207, 7, 21),
(1208, 8, 21),
(1209, 9, 21),
(1210, 10, 21),
(1211, 11, 21),
(1212, 12, 21),
(1213, 13, 21),
(1214, 14, 21),
(1215, 15, 21),
(1216, 16, 21),
(1217, 17, 21),
(1218, 18, 21),
(1219, 19, 21),
(1220, 20, 21),
(1221, 21, 21),
(1222, 22, 21),
(1223, 23, 21),
(1224, 24, 21),
(1225, 25, 21),
(1226, 26, 21),
(1227, 27, 21),
(1228, 28, 21),
(1229, 29, 21),
(1230, 30, 21),
(1231, 31, 21),
(1232, 32, 21),
(1233, 33, 21),
(1234, 34, 21),
(1235, 35, 21),
(1236, 36, 21),
(1237, 37, 21),
(1238, 38, 21),
(1239, 39, 21),
(1240, 40, 21),
(1241, 41, 21),
(1242, 42, 21),
(1243, 43, 21),
(1244, 44, 21),
(1245, 45, 21),
(1246, 46, 21),
(1247, 47, 21),
(1248, 48, 21),
(1249, 49, 21),
(1250, 50, 21),
(1251, 51, 21),
(1252, 52, 21),
(1253, 53, 21),
(1254, 54, 21),
(1255, 55, 21),
(1256, 56, 21),
(1257, 57, 21),
(1258, 58, 21),
(1259, 59, 21),
(1260, 60, 21),
(1261, 1, 22),
(1262, 2, 22),
(1263, 3, 22),
(1264, 4, 22),
(1265, 5, 22),
(1266, 6, 22),
(1267, 7, 22),
(1268, 8, 22),
(1269, 9, 22),
(1270, 10, 22),
(1271, 11, 22),
(1272, 12, 22),
(1273, 13, 22),
(1274, 14, 22),
(1275, 15, 22),
(1276, 16, 22),
(1277, 17, 22),
(1278, 18, 22),
(1279, 19, 22),
(1280, 20, 22),
(1281, 21, 22),
(1282, 22, 22),
(1283, 23, 22),
(1284, 24, 22),
(1285, 25, 22),
(1286, 26, 22),
(1287, 27, 22),
(1288, 28, 22),
(1289, 29, 22),
(1290, 30, 22),
(1291, 31, 22),
(1292, 32, 22),
(1293, 33, 22),
(1294, 34, 22),
(1295, 35, 22),
(1296, 36, 22),
(1297, 37, 22),
(1298, 38, 22),
(1299, 39, 22),
(1300, 40, 22),
(1301, 41, 22),
(1302, 42, 22),
(1303, 43, 22),
(1304, 44, 22),
(1305, 45, 22),
(1306, 46, 22),
(1307, 47, 22),
(1308, 48, 22),
(1309, 49, 22),
(1310, 50, 22),
(1311, 51, 22),
(1312, 52, 22),
(1313, 53, 22),
(1314, 54, 22),
(1315, 55, 22),
(1316, 56, 22),
(1317, 57, 22),
(1318, 58, 22),
(1319, 59, 22),
(1320, 60, 22),
(1321, 1, 23),
(1322, 2, 23),
(1323, 3, 23),
(1324, 4, 23),
(1325, 5, 23),
(1326, 6, 23),
(1327, 7, 23),
(1328, 8, 23),
(1329, 9, 23),
(1330, 10, 23),
(1331, 11, 23),
(1332, 12, 23),
(1333, 13, 23),
(1334, 14, 23),
(1335, 15, 23),
(1336, 16, 23),
(1337, 17, 23),
(1338, 18, 23),
(1339, 19, 23),
(1340, 20, 23),
(1341, 21, 23),
(1342, 22, 23),
(1343, 23, 23),
(1344, 24, 23),
(1345, 25, 23),
(1346, 26, 23),
(1347, 27, 23),
(1348, 28, 23),
(1349, 29, 23),
(1350, 30, 23),
(1351, 31, 23),
(1352, 32, 23),
(1353, 33, 23),
(1354, 34, 23),
(1355, 35, 23),
(1356, 36, 23),
(1357, 37, 23),
(1358, 38, 23),
(1359, 39, 23),
(1360, 40, 23),
(1361, 41, 23),
(1362, 42, 23),
(1363, 43, 23),
(1364, 44, 23),
(1365, 45, 23),
(1366, 46, 23),
(1367, 47, 23),
(1368, 48, 23),
(1369, 49, 23),
(1370, 50, 23),
(1371, 51, 23),
(1372, 52, 23),
(1373, 53, 23),
(1374, 54, 23),
(1375, 55, 23),
(1376, 56, 23),
(1377, 57, 23),
(1378, 58, 23),
(1379, 59, 23),
(1380, 60, 23),
(1381, 1, 24),
(1382, 2, 24),
(1383, 3, 24),
(1384, 4, 24),
(1385, 5, 24),
(1386, 6, 24),
(1387, 7, 24),
(1388, 8, 24),
(1389, 9, 24),
(1390, 10, 24),
(1391, 11, 24),
(1392, 12, 24),
(1393, 13, 24),
(1394, 14, 24),
(1395, 15, 24),
(1396, 16, 24),
(1397, 17, 24),
(1398, 18, 24),
(1399, 19, 24),
(1400, 20, 24),
(1401, 21, 24),
(1402, 22, 24),
(1403, 23, 24),
(1404, 24, 24),
(1405, 25, 24),
(1406, 26, 24),
(1407, 27, 24),
(1408, 28, 24),
(1409, 29, 24),
(1410, 30, 24),
(1411, 31, 24),
(1412, 32, 24),
(1413, 33, 24),
(1414, 34, 24),
(1415, 35, 24),
(1416, 36, 24),
(1417, 37, 24),
(1418, 38, 24),
(1419, 39, 24),
(1420, 40, 24),
(1421, 41, 24),
(1422, 42, 24),
(1423, 43, 24),
(1424, 44, 24),
(1425, 45, 24),
(1426, 46, 24),
(1427, 47, 24),
(1428, 48, 24),
(1429, 49, 24),
(1430, 50, 24),
(1431, 51, 24),
(1432, 52, 24),
(1433, 53, 24),
(1434, 54, 24),
(1435, 55, 24),
(1436, 56, 24),
(1437, 57, 24),
(1438, 58, 24),
(1439, 59, 24),
(1440, 60, 24),
(1441, 1, 25),
(1442, 2, 25),
(1443, 3, 25),
(1444, 4, 25),
(1445, 5, 25),
(1446, 6, 25),
(1447, 7, 25),
(1448, 8, 25),
(1449, 9, 25),
(1450, 10, 25),
(1451, 11, 25),
(1452, 12, 25),
(1453, 13, 25),
(1454, 14, 25),
(1455, 15, 25),
(1456, 16, 25),
(1457, 17, 25),
(1458, 18, 25),
(1459, 19, 25),
(1460, 20, 25),
(1461, 21, 25),
(1462, 22, 25),
(1463, 23, 25),
(1464, 24, 25),
(1465, 25, 25),
(1466, 26, 25),
(1467, 27, 25),
(1468, 28, 25),
(1469, 29, 25),
(1470, 30, 25),
(1471, 31, 25),
(1472, 32, 25),
(1473, 33, 25),
(1474, 34, 25),
(1475, 35, 25),
(1476, 36, 25),
(1477, 37, 25),
(1478, 38, 25),
(1479, 39, 25),
(1480, 40, 25),
(1481, 41, 25),
(1482, 42, 25),
(1483, 43, 25),
(1484, 44, 25),
(1485, 45, 25),
(1486, 46, 25),
(1487, 47, 25),
(1488, 48, 25),
(1489, 49, 25),
(1490, 50, 25),
(1491, 51, 25),
(1492, 52, 25),
(1493, 53, 25),
(1494, 54, 25),
(1495, 55, 25),
(1496, 56, 25),
(1497, 57, 25),
(1498, 58, 25),
(1499, 59, 25),
(1500, 60, 25),
(1501, 1, 26),
(1502, 2, 26),
(1503, 3, 26),
(1504, 4, 26),
(1505, 5, 26),
(1506, 6, 26),
(1507, 7, 26),
(1508, 8, 26),
(1509, 9, 26),
(1510, 10, 26),
(1511, 11, 26),
(1512, 12, 26),
(1513, 13, 26),
(1514, 14, 26),
(1515, 15, 26),
(1516, 16, 26),
(1517, 17, 26),
(1518, 18, 26),
(1519, 19, 26),
(1520, 20, 26),
(1521, 21, 26),
(1522, 22, 26),
(1523, 23, 26),
(1524, 24, 26),
(1525, 25, 26),
(1526, 26, 26),
(1527, 27, 26),
(1528, 28, 26),
(1529, 29, 26),
(1530, 30, 26),
(1531, 31, 26),
(1532, 32, 26),
(1533, 33, 26),
(1534, 34, 26),
(1535, 35, 26),
(1536, 36, 26),
(1537, 37, 26),
(1538, 38, 26),
(1539, 39, 26),
(1540, 40, 26),
(1541, 41, 26),
(1542, 42, 26),
(1543, 43, 26),
(1544, 44, 26),
(1545, 45, 26),
(1546, 46, 26),
(1547, 47, 26),
(1548, 48, 26),
(1549, 49, 26),
(1550, 50, 26),
(1551, 51, 26),
(1552, 52, 26),
(1553, 53, 26),
(1554, 54, 26),
(1555, 55, 26),
(1556, 56, 26),
(1557, 57, 26),
(1558, 58, 26),
(1559, 59, 26),
(1560, 60, 26),
(1561, 1, 27),
(1562, 2, 27),
(1563, 3, 27),
(1564, 4, 27),
(1565, 5, 27),
(1566, 6, 27),
(1567, 7, 27),
(1568, 8, 27),
(1569, 9, 27),
(1570, 10, 27),
(1571, 11, 27),
(1572, 12, 27),
(1573, 13, 27),
(1574, 14, 27),
(1575, 15, 27),
(1576, 16, 27),
(1577, 17, 27),
(1578, 18, 27),
(1579, 19, 27),
(1580, 20, 27),
(1581, 21, 27),
(1582, 22, 27),
(1583, 23, 27),
(1584, 24, 27),
(1585, 25, 27),
(1586, 26, 27),
(1587, 27, 27),
(1588, 28, 27),
(1589, 29, 27),
(1590, 30, 27),
(1591, 31, 27),
(1592, 32, 27),
(1593, 33, 27),
(1594, 34, 27),
(1595, 35, 27),
(1596, 36, 27),
(1597, 37, 27),
(1598, 38, 27),
(1599, 39, 27),
(1600, 40, 27),
(1601, 41, 27),
(1602, 42, 27),
(1603, 43, 27),
(1604, 44, 27),
(1605, 45, 27),
(1606, 46, 27),
(1607, 47, 27),
(1608, 48, 27),
(1609, 49, 27),
(1610, 50, 27),
(1611, 51, 27),
(1612, 52, 27),
(1613, 53, 27),
(1614, 54, 27),
(1615, 55, 27),
(1616, 56, 27),
(1617, 57, 27),
(1618, 58, 27),
(1619, 59, 27),
(1620, 60, 27),
(1621, 1, 28),
(1622, 2, 28),
(1623, 3, 28),
(1624, 4, 28),
(1625, 5, 28),
(1626, 6, 28),
(1627, 7, 28),
(1628, 8, 28),
(1629, 9, 28),
(1630, 10, 28),
(1631, 11, 28),
(1632, 12, 28),
(1633, 13, 28),
(1634, 14, 28),
(1635, 15, 28),
(1636, 16, 28),
(1637, 17, 28),
(1638, 18, 28),
(1639, 19, 28),
(1640, 20, 28),
(1641, 21, 28),
(1642, 22, 28),
(1643, 23, 28),
(1644, 24, 28),
(1645, 25, 28),
(1646, 26, 28),
(1647, 27, 28),
(1648, 28, 28),
(1649, 29, 28),
(1650, 30, 28),
(1651, 31, 28),
(1652, 32, 28),
(1653, 33, 28),
(1654, 34, 28),
(1655, 35, 28),
(1656, 36, 28),
(1657, 37, 28),
(1658, 38, 28),
(1659, 39, 28),
(1660, 40, 28),
(1661, 41, 28),
(1662, 42, 28),
(1663, 43, 28),
(1664, 44, 28),
(1665, 45, 28),
(1666, 46, 28),
(1667, 47, 28),
(1668, 48, 28),
(1669, 49, 28),
(1670, 50, 28),
(1671, 51, 28),
(1672, 52, 28),
(1673, 53, 28),
(1674, 54, 28),
(1675, 55, 28),
(1676, 56, 28),
(1677, 57, 28),
(1678, 58, 28),
(1679, 59, 28),
(1680, 60, 28),
(1681, 1, 29),
(1682, 2, 29),
(1683, 3, 29),
(1684, 4, 29),
(1685, 5, 29),
(1686, 6, 29),
(1687, 7, 29),
(1688, 8, 29),
(1689, 9, 29),
(1690, 10, 29),
(1691, 11, 29),
(1692, 12, 29),
(1693, 13, 29),
(1694, 14, 29),
(1695, 15, 29),
(1696, 16, 29),
(1697, 17, 29),
(1698, 18, 29),
(1699, 19, 29),
(1700, 20, 29),
(1701, 21, 29),
(1702, 22, 29),
(1703, 23, 29),
(1704, 24, 29),
(1705, 25, 29),
(1706, 26, 29),
(1707, 27, 29),
(1708, 28, 29),
(1709, 29, 29),
(1710, 30, 29),
(1711, 31, 29),
(1712, 32, 29),
(1713, 33, 29),
(1714, 34, 29),
(1715, 35, 29),
(1716, 36, 29),
(1717, 37, 29),
(1718, 38, 29),
(1719, 39, 29),
(1720, 40, 29),
(1721, 41, 29),
(1722, 42, 29),
(1723, 43, 29),
(1724, 44, 29),
(1725, 45, 29),
(1726, 46, 29),
(1727, 47, 29),
(1728, 48, 29),
(1729, 49, 29),
(1730, 50, 29),
(1731, 51, 29),
(1732, 52, 29),
(1733, 53, 29),
(1734, 54, 29),
(1735, 55, 29),
(1736, 56, 29),
(1737, 57, 29),
(1738, 58, 29),
(1739, 59, 29),
(1740, 60, 29);

-- --------------------------------------------------------

--
-- Estructura de tabla para la tabla `rel_aula_hora_y_asig_cur`
--

CREATE TABLE `rel_aula_hora_y_asig_cur` (
  `Id` int(11) NOT NULL,
  `Cod_Hora_Aula` int(11) NOT NULL DEFAULT 0,
  `Cod_Prof_Asig` int(11) NOT NULL DEFAULT 0
) ENGINE=MyISAM DEFAULT CHARSET=utf8;

--
-- Volcado de datos para la tabla `rel_aula_hora_y_asig_cur`
--

INSERT INTO `rel_aula_hora_y_asig_cur` (`Id`, `Cod_Hora_Aula`, `Cod_Prof_Asig`) VALUES
(1, 1, 1),
(2, 17, 3),
(3, 33, 4),
(4, 33, 5),
(5, 49, 6),
(6, 65, 7),
(7, 81, 8),
(8, 193, 1),
(9, 209, 7),
(10, 225, 8),
(11, 241, 2),
(12, 257, 3),
(13, 273, 6),
(14, 385, 3),
(15, 401, 6),
(16, 417, 4),
(17, 417, 5),
(18, 433, 9),
(19, 449, 3),
(20, 465, 7),
(21, 577, 1),
(22, 593, 2),
(23, 609, 3),
(24, 625, 6),
(25, 641, 9),
(26, 657, 4),
(27, 657, 5),
(28, 769, 1),
(29, 785, 4),
(30, 785, 5),
(31, 801, 3),
(32, 817, 9),
(33, 833, 6),
(34, 849, 8),
(35, 2, 10),
(36, 18, 11),
(37, 34, 12),
(38, 50, 14),
(39, 66, 15),
(40, 82, 13),
(41, 194, 11),
(42, 210, 14),
(43, 226, 13),
(44, 242, 15),
(45, 258, 16),
(46, 274, 10),
(47, 386, 14),
(48, 402, 13),
(49, 418, 16),
(50, 434, 15),
(51, 450, 12),
(52, 466, 11),
(53, 578, 13),
(54, 594, 11),
(55, 610, 10),
(56, 626, 14),
(57, 642, 15),
(58, 658, 11),
(59, 770, 13),
(60, 786, 15),
(61, 802, 12),
(62, 818, 11),
(63, 834, 16),
(64, 850, 15),
(65, 106, 89),
(66, 122, 89),
(67, 138, 89),
(68, 154, 89),
(69, 170, 89),
(70, 186, 89),
(71, 298, 90),
(72, 314, 90),
(73, 330, 95),
(74, 346, 95),
(75, 362, 95),
(76, 378, 94),
(77, 490, 88),
(78, 506, 88),
(79, 522, 93),
(80, 538, 93),
(81, 554, 93),
(82, 570, 93),
(83, 682, 90),
(84, 698, 90),
(85, 714, 90),
(86, 730, 90),
(87, 746, 94),
(88, 762, 94),
(89, 874, 91),
(90, 890, 91),
(91, 906, 92),
(92, 922, 92),
(93, 938, 92),
(94, 954, 92),
(95, 3, 28),
(96, 19, 23),
(97, 19, 24),
(98, 35, 17),
(99, 51, 22),
(100, 67, 19),
(101, 67, 20),
(102, 67, 21),
(103, 83, 34),
(104, 195, 28),
(105, 211, 23),
(106, 211, 24),
(107, 227, 29),
(108, 243, 31),
(109, 259, 25),
(110, 259, 26),
(111, 259, 27),
(112, 275, 30),
(113, 387, 18),
(114, 403, 30),
(115, 419, 32),
(116, 419, 33),
(117, 435, 19),
(118, 435, 20),
(119, 435, 21),
(120, 451, 23),
(121, 451, 24),
(122, 467, 22),
(123, 579, 31),
(124, 595, 17),
(125, 611, 29),
(126, 627, 22),
(127, 643, 28),
(128, 659, 34),
(129, 771, 18),
(130, 787, 28),
(131, 803, 30),
(132, 819, 31),
(133, 835, 25),
(134, 835, 26),
(135, 835, 27),
(136, 851, 22),
(137, 4, 35),
(138, 20, 36),
(139, 36, 37),
(140, 52, 38),
(141, 68, 39),
(142, 84, 40),
(143, 196, 39),
(144, 212, 40),
(145, 228, 40),
(146, 244, 38),
(147, 260, 40),
(148, 276, 41),
(149, 388, 38),
(150, 404, 41),
(151, 420, 40),
(152, 436, 41),
(153, 452, 38),
(154, 468, 41),
(155, 580, 39),
(156, 596, 36),
(157, 612, 36),
(158, 628, 39),
(159, 644, 36),
(160, 660, 37),
(161, 772, 35),
(162, 788, 36),
(163, 804, 37),
(164, 820, 37),
(165, 836, 39),
(166, 852, 35),
(167, 5, 42),
(168, 21, 43),
(169, 37, 44),
(170, 53, 44),
(171, 69, 45),
(172, 85, 46),
(173, 197, 42),
(174, 213, 47),
(175, 229, 47),
(176, 245, 48),
(177, 261, 48),
(178, 277, 48),
(179, 389, 45),
(180, 405, 43),
(181, 421, 43),
(182, 437, 44),
(183, 453, 46),
(184, 469, 42),
(185, 581, 42),
(186, 597, 47),
(187, 613, 48),
(188, 629, 47),
(189, 645, 48),
(190, 661, 42),
(191, 773, 42),
(192, 789, 45),
(193, 805, 44),
(194, 821, 46),
(195, 837, 44),
(196, 853, 42),
(197, 6, 49),
(198, 22, 50),
(199, 22, 51),
(200, 38, 52),
(201, 54, 53),
(202, 54, 54),
(203, 70, 55),
(204, 86, 56),
(205, 198, 57),
(206, 214, 58),
(207, 230, 53),
(208, 230, 54),
(209, 246, 59),
(210, 262, 55),
(211, 278, 52),
(212, 390, 55),
(213, 406, 60),
(214, 406, 61),
(215, 422, 56),
(216, 438, 49),
(217, 454, 58),
(218, 470, 52),
(219, 582, 57),
(220, 598, 50),
(221, 598, 51),
(222, 614, 56),
(223, 630, 59),
(224, 646, 49),
(225, 662, 55),
(226, 774, 59),
(227, 790, 58),
(228, 806, 53),
(229, 806, 54),
(230, 822, 56),
(231, 838, 49),
(232, 854, 52),
(233, 7, 62),
(234, 23, 63),
(235, 39, 64),
(236, 55, 65),
(237, 71, 63),
(238, 87, 67),
(239, 87, 68),
(240, 199, 66),
(241, 215, 63),
(242, 231, 63),
(243, 247, 62),
(244, 263, 67),
(245, 263, 68),
(246, 279, 64),
(247, 391, 63),
(248, 407, 63),
(249, 423, 65),
(250, 439, 67),
(251, 439, 68),
(252, 455, 66),
(253, 471, 64),
(254, 583, 66),
(255, 599, 67),
(256, 599, 68),
(257, 615, 64),
(258, 631, 65),
(259, 647, 63),
(260, 663, 68),
(261, 775, 65),
(262, 791, 63),
(263, 807, 62),
(264, 823, 64),
(265, 839, 67),
(266, 839, 68),
(267, 855, 68),
(268, 8, 74),
(269, 8, 73),
(270, 24, 80),
(271, 40, 82),
(272, 56, 69),
(273, 72, 70),
(274, 72, 71),
(275, 72, 72),
(276, 88, 83),
(277, 200, 75),
(278, 200, 76),
(279, 216, 81),
(280, 232, 86),
(281, 232, 87),
(282, 248, 80),
(283, 264, 77),
(284, 264, 78),
(285, 264, 79),
(286, 280, 74),
(287, 280, 73),
(288, 392, 86),
(289, 392, 87),
(290, 408, 83),
(291, 424, 84),
(292, 424, 85),
(293, 440, 70),
(294, 440, 71),
(295, 440, 72),
(296, 456, 69),
(297, 472, 80),
(298, 584, 80),
(299, 600, 81),
(300, 616, 75),
(301, 616, 76),
(302, 632, 69),
(303, 648, 74),
(304, 648, 73),
(305, 664, 82),
(306, 776, 75),
(307, 776, 76),
(308, 792, 83),
(309, 808, 74),
(310, 808, 73),
(311, 824, 69),
(312, 840, 77),
(313, 840, 78),
(314, 840, 79),
(315, 856, 82),
(316, 9, 101),
(317, 25, 96),
(318, 41, 103),
(319, 57, 97),
(320, 73, 98),
(321, 89, 100),
(322, 201, 101),
(323, 217, 100),
(324, 233, 99),
(325, 249, 98),
(326, 265, 96),
(327, 281, 97),
(328, 393, 98),
(329, 409, 102),
(330, 425, 100),
(331, 441, 101),
(332, 457, 96),
(333, 473, 103),
(334, 585, 98),
(335, 601, 102),
(336, 617, 96),
(337, 633, 98),
(338, 649, 99),
(339, 665, 97),
(340, 777, 98),
(341, 793, 97),
(342, 809, 99),
(343, 825, 96),
(344, 841, 103),
(345, 857, 101),
(346, 10, 104),
(347, 26, 105),
(348, 42, 106),
(349, 58, 107),
(350, 74, 108),
(351, 90, 111),
(352, 202, 106),
(353, 218, 109),
(354, 234, 108),
(355, 250, 104),
(356, 266, 112),
(357, 282, 107),
(358, 394, 105),
(359, 410, 109),
(360, 426, 106),
(361, 442, 104),
(362, 458, 104),
(363, 474, 107),
(364, 586, 106),
(365, 602, 104),
(366, 618, 105),
(367, 634, 107),
(368, 650, 108),
(369, 666, 107),
(370, 778, 105),
(371, 794, 110),
(372, 810, 107),
(373, 826, 108),
(374, 842, 104),
(375, 858, 109),
(376, 98, 183),
(377, 114, 183),
(378, 130, 183),
(379, 146, 180),
(380, 162, 180),
(381, 178, 180),
(382, 290, 186),
(383, 306, 181),
(384, 322, 183),
(385, 338, 183),
(386, 354, 185),
(387, 370, 185),
(388, 482, 181),
(389, 498, 181),
(390, 514, 181),
(391, 530, 184),
(392, 546, 184),
(393, 562, 184),
(394, 674, 185),
(395, 690, 185),
(396, 706, 181),
(397, 722, 181),
(398, 738, 181),
(399, 754, 184),
(400, 866, 186),
(401, 882, 186),
(402, 898, 182),
(403, 914, 182),
(404, 930, 182),
(405, 946, 182),
(406, 11, 114),
(407, 11, 115),
(408, 11, 116),
(409, 27, 120),
(410, 27, 121),
(411, 43, 122),
(412, 59, 123),
(413, 75, 117),
(414, 91, 125),
(415, 203, 120),
(416, 203, 121),
(417, 219, 123),
(418, 235, 113),
(419, 251, 117),
(420, 267, 124),
(421, 283, 118),
(422, 395, 126),
(423, 395, 127),
(424, 411, 118),
(425, 411, 119),
(426, 427, 122),
(427, 443, 117),
(428, 459, 125),
(429, 475, 113),
(430, 587, 120),
(431, 587, 121),
(432, 603, 122),
(433, 619, 124),
(434, 635, 123),
(435, 651, 114),
(436, 651, 115),
(437, 651, 116),
(438, 667, 113),
(439, 779, 120),
(440, 779, 121),
(441, 795, 113),
(442, 811, 122),
(443, 827, 117),
(444, 843, 125),
(445, 859, 118),
(446, 12, 134),
(447, 28, 128),
(448, 44, 128),
(449, 60, 129),
(450, 76, 129),
(451, 92, 130),
(452, 204, 128),
(453, 220, 134),
(454, 236, 128),
(455, 252, 129),
(456, 268, 135),
(457, 284, 129),
(458, 396, 128),
(459, 412, 128),
(460, 428, 129),
(461, 444, 131),
(462, 444, 132),
(463, 460, 130),
(464, 476, 130),
(465, 588, 128),
(466, 604, 133),
(467, 620, 133),
(468, 636, 130),
(469, 652, 133),
(470, 668, 131),
(471, 668, 132),
(472, 780, 133),
(473, 796, 128),
(474, 812, 132),
(475, 828, 131),
(476, 844, 130),
(477, 860, 130),
(478, 13, 136),
(479, 29, 136),
(480, 45, 137),
(481, 61, 138),
(482, 77, 138),
(483, 93, 139),
(484, 205, 139),
(485, 221, 137),
(486, 237, 136),
(487, 253, 138),
(488, 269, 136),
(489, 285, 137),
(490, 397, 139),
(491, 413, 139),
(492, 429, 136),
(493, 445, 138),
(494, 461, 138),
(495, 477, 137),
(496, 589, 139),
(497, 605, 136),
(498, 621, 137),
(499, 637, 140),
(500, 653, 136),
(501, 669, 141),
(502, 781, 140),
(503, 797, 139),
(504, 813, 137),
(505, 829, 138),
(506, 845, 136),
(507, 861, 137),
(508, 14, 142),
(509, 30, 148),
(510, 46, 151),
(511, 62, 145),
(512, 78, 149),
(513, 94, 146),
(514, 206, 148),
(515, 222, 143),
(516, 222, 144),
(517, 238, 151),
(518, 254, 145),
(519, 270, 146),
(520, 270, 147),
(521, 286, 152),
(522, 398, 153),
(523, 398, 154),
(524, 414, 143),
(525, 414, 144),
(526, 430, 145),
(527, 446, 142),
(528, 462, 149),
(529, 478, 150),
(530, 590, 148),
(531, 606, 150),
(532, 622, 151),
(533, 638, 149),
(534, 654, 152),
(535, 670, 142),
(536, 782, 148),
(537, 798, 151),
(538, 814, 149),
(539, 830, 146),
(540, 846, 145),
(541, 862, 152),
(542, 15, 155),
(543, 31, 156),
(544, 47, 157),
(545, 63, 158),
(546, 79, 159),
(547, 95, 160),
(548, 207, 159),
(549, 223, 157),
(550, 239, 160),
(551, 255, 157),
(552, 271, 156),
(553, 287, 155),
(554, 399, 157),
(555, 415, 155),
(556, 431, 159),
(557, 447, 160),
(558, 463, 156),
(559, 479, 161),
(560, 591, 157),
(561, 607, 161),
(562, 607, 162),
(563, 623, 160),
(564, 639, 158),
(565, 655, 159),
(566, 671, 156),
(567, 783, 155),
(568, 799, 157),
(569, 815, 157),
(570, 847, 160),
(571, 863, 159),
(572, 16, 165),
(573, 16, 166),
(574, 16, 167),
(575, 32, 172),
(576, 32, 173),
(577, 48, 169),
(578, 48, 168),
(579, 64, 177),
(580, 80, 170),
(581, 80, 171),
(582, 96, 174),
(583, 208, 172),
(584, 208, 173),
(585, 224, 168),
(586, 224, 169),
(587, 240, 177),
(588, 256, 176),
(589, 272, 163),
(590, 272, 164),
(591, 288, 174),
(592, 400, 178),
(593, 400, 179),
(594, 416, 174),
(595, 432, 175),
(596, 448, 163),
(597, 448, 164),
(598, 464, 168),
(599, 464, 169),
(600, 480, 170),
(601, 592, 172),
(602, 592, 173),
(603, 608, 175),
(604, 624, 164),
(605, 624, 163),
(606, 640, 176),
(607, 656, 165),
(608, 656, 166),
(609, 656, 167),
(610, 672, 170),
(611, 784, 172),
(612, 784, 173),
(613, 800, 168),
(614, 800, 169),
(615, 816, 175),
(616, 832, 177),
(617, 848, 163),
(618, 848, 164),
(619, 864, 174),
(620, 831, 161),
(621, 831, 162);

-- --------------------------------------------------------

--
-- Estructura de tabla para la tabla `rel_prof_asig`
--

CREATE TABLE `rel_prof_asig` (
  `Id` int(11) NOT NULL,
  `Cod_Prof` int(11) DEFAULT 0,
  `Cod_Asig` int(11) DEFAULT 0
) ENGINE=MyISAM DEFAULT CHARSET=utf8;

--
-- Volcado de datos para la tabla `rel_prof_asig`
--

INSERT INTO `rel_prof_asig` (`Id`, `Cod_Prof`, `Cod_Asig`) VALUES
(1, 2, 1),
(2, 25, 2),
(3, 23, 3),
(4, 26, 4),
(5, 28, 4),
(6, 4, 5),
(7, 12, 6),
(8, 12, 7),
(9, 12, 8),
(10, 24, 9),
(11, 27, 10),
(12, 17, 11),
(13, 18, 11),
(14, 18, 12),
(15, 19, 13),
(16, 12, 14),
(17, 7, 15),
(18, 34, 15),
(19, 22, 16),
(20, 35, 16),
(21, 28, 17),
(22, 33, 18),
(23, 9, 19),
(24, 26, 19),
(25, 14, 20),
(26, 33, 20),
(27, 19, 21),
(28, 14, 22),
(29, 5, 23),
(30, 21, 24),
(31, 22, 25),
(32, 21, 26),
(33, 32, 27),
(34, 33, 28),
(35, 30, 29),
(36, 3, 30),
(37, 4, 31),
(38, 2, 32),
(39, 25, 33),
(40, 4, 34),
(41, 29, 35),
(42, 17, 36),
(43, 2, 37),
(44, 3, 38),
(45, 4, 39),
(46, 29, 40),
(47, 6, 41),
(48, 20, 42),
(49, 21, 43),
(50, 22, 44),
(51, 28, 45),
(52, 6, 46),
(53, 22, 47),
(54, 26, 47),
(55, 9, 48),
(56, 14, 49),
(57, 5, 50),
(58, 21, 51),
(59, 9, 52),
(60, 8, 53),
(61, 32, 54),
(62, 12, 55),
(63, 17, 56),
(64, 18, 57),
(65, 24, 58),
(66, 19, 58),
(67, 17, 59),
(68, 24, 59),
(69, 7, 60),
(70, 22, 61),
(71, 35, 61),
(72, 28, 62),
(73, 33, 63),
(74, 15, 64),
(75, 22, 65),
(76, 26, 65),
(77, 14, 66),
(78, 33, 66),
(79, 19, 67),
(80, 34, 68),
(81, 5, 69),
(82, 21, 70),
(83, 9, 71),
(84, 21, 72),
(85, 32, 73),
(86, 14, 74),
(87, 15, 75),
(88, 18, 76),
(89, 19, 76),
(90, 27, 77),
(91, 19, 78),
(92, 18, 78),
(93, 18, 79),
(94, 12, 80),
(95, 19, 81),
(96, 6, 82),
(97, 12, 83),
(98, 29, 84),
(99, 2, 85),
(100, 30, 85),
(101, 4, 86),
(102, 12, 86),
(103, 9, 87),
(104, 18, 88),
(105, 12, 89),
(106, 23, 90),
(107, 19, 91),
(108, 24, 92),
(109, 27, 93),
(110, 23, 94),
(111, 19, 94),
(112, 27, 94),
(113, 7, 95),
(114, 22, 96),
(115, 35, 96),
(116, 28, 97),
(117, 33, 98),
(118, 3, 99),
(119, 26, 99),
(120, 7, 100),
(121, 15, 101),
(122, 34, 102),
(123, 8, 103),
(124, 21, 104),
(125, 22, 105),
(126, 21, 106),
(127, 32, 107),
(128, 30, 108),
(129, 27, 109),
(130, 20, 110),
(131, 20, 111),
(132, 6, 111),
(133, 4, 112),
(134, 3, 113),
(135, 15, 113),
(136, 29, 114),
(137, 25, 115),
(138, 30, 116),
(139, 6, 117),
(140, 3, 118),
(141, 15, 118),
(142, 8, 119),
(143, 22, 120),
(144, 28, 121),
(145, 6, 122),
(146, 3, 123),
(147, 26, 123),
(148, 21, 124),
(149, 14, 125),
(150, 21, 126),
(151, 8, 127),
(152, 9, 128),
(153, 8, 129),
(154, 32, 130),
(155, 23, 131),
(156, 25, 132),
(157, 24, 133),
(158, 17, 134),
(159, 18, 134),
(160, 27, 135),
(161, 23, 136),
(162, 19, 136),
(163, 7, 137),
(164, 34, 138),
(165, 22, 139),
(166, 35, 139),
(167, 28, 140),
(168, 33, 141),
(169, 15, 142),
(170, 3, 143),
(171, 26, 143),
(172, 7, 144),
(173, 15, 145),
(174, 34, 146),
(175, 8, 147),
(176, 21, 148),
(177, 9, 149),
(178, 21, 150),
(179, 32, 151),
(180, 18, 152),
(181, 19, 153),
(182, 19, 154),
(183, 18, 155),
(184, 24, 156),
(185, 25, 157),
(186, 9, 158);

--
-- Índices para tablas volcadas
--

--
-- Indices de la tabla `asignatura`
--
ALTER TABLE `asignatura`
  ADD PRIMARY KEY (`Id`);

--
-- Indices de la tabla `aulas`
--
ALTER TABLE `aulas`
  ADD PRIMARY KEY (`Id`);

--
-- Indices de la tabla `cargos`
--
ALTER TABLE `cargos`
  ADD PRIMARY KEY (`Id`);

--
-- Indices de la tabla `cursos`
--
ALTER TABLE `cursos`
  ADD PRIMARY KEY (`Id`),
  ADD UNIQUE KEY `Tutor` (`Tutor`),
  ADD KEY `Aula_Principal` (`Aula_Principal`);

--
-- Indices de la tabla `departamento`
--
ALTER TABLE `departamento`
  ADD PRIMARY KEY (`Id`),
  ADD UNIQUE KEY `Jefe_departamento` (`Jefe_departamento`);

--
-- Indices de la tabla `horario`
--
ALTER TABLE `horario`
  ADD PRIMARY KEY (`Id`);

--
-- Indices de la tabla `profesores`
--
ALTER TABLE `profesores`
  ADD PRIMARY KEY (`Id`);

--
-- Indices de la tabla `rel_aula_hora`
--
ALTER TABLE `rel_aula_hora`
  ADD PRIMARY KEY (`Id`),
  ADD KEY `Id` (`Id`);

--
-- Indices de la tabla `rel_aula_hora_y_asig_cur`
--
ALTER TABLE `rel_aula_hora_y_asig_cur`
  ADD PRIMARY KEY (`Id`,`Cod_Hora_Aula`,`Cod_Prof_Asig`),
  ADD KEY `Id` (`Id`);

--
-- Indices de la tabla `rel_prof_asig`
--
ALTER TABLE `rel_prof_asig`
  ADD PRIMARY KEY (`Id`),
  ADD KEY `Id` (`Id`);

--
-- AUTO_INCREMENT de las tablas volcadas
--

--
-- AUTO_INCREMENT de la tabla `aulas`
--
ALTER TABLE `aulas`
  MODIFY `Id` int(11) NOT NULL AUTO_INCREMENT, AUTO_INCREMENT=30;

--
-- AUTO_INCREMENT de la tabla `cargos`
--
ALTER TABLE `cargos`
  MODIFY `Id` int(11) NOT NULL AUTO_INCREMENT, AUTO_INCREMENT=8;

--
-- AUTO_INCREMENT de la tabla `departamento`
--
ALTER TABLE `departamento`
  MODIFY `Id` int(11) NOT NULL AUTO_INCREMENT, AUTO_INCREMENT=7;

--
-- AUTO_INCREMENT de la tabla `horario`
--
ALTER TABLE `horario`
  MODIFY `Id` int(11) NOT NULL AUTO_INCREMENT, AUTO_INCREMENT=61;

--
-- AUTO_INCREMENT de la tabla `rel_aula_hora`
--
ALTER TABLE `rel_aula_hora`
  MODIFY `Id` int(11) NOT NULL AUTO_INCREMENT, AUTO_INCREMENT=1741;

--
-- AUTO_INCREMENT de la tabla `rel_aula_hora_y_asig_cur`
--
ALTER TABLE `rel_aula_hora_y_asig_cur`
  MODIFY `Id` int(11) NOT NULL AUTO_INCREMENT, AUTO_INCREMENT=622;

--
-- AUTO_INCREMENT de la tabla `rel_prof_asig`
--
ALTER TABLE `rel_prof_asig`
  MODIFY `Id` int(11) NOT NULL AUTO_INCREMENT, AUTO_INCREMENT=187;
COMMIT;

/*!40101 SET CHARACTER_SET_CLIENT=@OLD_CHARACTER_SET_CLIENT */;
/*!40101 SET CHARACTER_SET_RESULTS=@OLD_CHARACTER_SET_RESULTS */;
/*!40101 SET COLLATION_CONNECTION=@OLD_COLLATION_CONNECTION */;
